<!DOCTYPE mapper
        PUBLIC "-//mybatis.org//DTD Mapper 3.0//EN"
        "http://mybatis.org/dtd/mybatis-3-mapper.dtd">

<mapper namespace="com.sjf.scholarships.dao.JiangXueJinTypeMapper">
    <resultMap id="BaseResultMap" type="com.sjf.scholarships.domain.JiangXueJinType">
        <id column="id" jdbcType="INTEGER" property="id"/>
        <result column="type" jdbcType="VARCHAR" property="type"/>
    </resultMap>

    <sql id="Base_Column_List">
        id,type
    </sql>

    <!--    添加-->
    <insert id="insert" parameterType="com.sjf.scholarships.domain.JiangXueJinType">
        insert into jiangxuejin_type
        <trim prefix="(" suffix=")" suffixOverrides=",">
            <if test="id != null">
                id,
            </if>
            <if test="type != null">
                type,
            </if>
        </trim>
        <trim prefix=" values (" suffix=")" suffixOverrides=",">
            <if test="id != null">
                #{id},
            </if>
            <if test="type != null">
                #{type},
            </if>
        </trim>
    </insert>

    <!--   删除 -->
    <delete id="delete" parameterType="java.lang.Integer">
        delete from jiangxuejin_type where id = #{id}
    </delete>

    <!--   修改,update-->
    <update id="update" parameterType="com.sjf.scholarships.domain.JiangXueJinType">
        update jiangxuejin_type
        <set>
            <if test="type != null">
                type = #{type},
            </if>
        </set>
        where id = #{id}
    </update>

    <!--   查询所有-->
    <select id="selectAllJiangXueJinType" resultMap="BaseResultMap">
        select
        <include refid="Base_Column_List"></include>
        from jiangxuejin_type
    </select>

    <!--    根据id(主键)查询对象-->
    <select id="selectJiangXueJinTypeByKey" resultMap="BaseResultMap" parameterType="java.lang.Integer">
        select
        <include refid="Base_Column_List"/>
        from jiangxuejin_type
        where id = #{id}
    </select>

    <!--   根据名字模糊查询-->
    <select id="selectJiangXueJinTypeByType" resultMap="BaseResultMap">
        select
        <include refid="Base_Column_List"/>
        from jiangxuejin_type
        where type like #{type}
    </select>
</mapper>