<!DOCTYPE mapper
        PUBLIC "-//mybatis.org//DTD Mapper 3.0//EN"
        "http://mybatis.org/dtd/mybatis-3-mapper.dtd">

<mapper namespace="com.sjf.scholarships.dao.ListAdminMapper">
    <resultMap id="PoorStudentMap" type="com.sjf.scholarships.domain.ListPoorStudent">
        <result property="number" jdbcType="VARCHAR" column="number"/>
        <result property="name" jdbcType="VARCHAR" column="name"/>
        <result property="className" jdbcType="VARCHAR" column="class_name"/>
        <result property="grade" jdbcType="VARCHAR" column="grade"/>
        <result property="poorType" jdbcType="VARCHAR" column="poor_type"/>
    </resultMap>

    <resultMap id="ZhuXueJinApplyMap" type="com.sjf.scholarships.domain.ListZhuXueJin">
        <result property="number" jdbcType="VARCHAR" column="number"/>
        <result property="name" jdbcType="VARCHAR" column="name"/>
        <result property="className" jdbcType="VARCHAR" column="class_name"/>
        <result property="grade" jdbcType="VARCHAR" column="grade"/>
        <result property="poorType" jdbcType="VARCHAR" column="poor_type"/>
        <!--<result property="zxjLevel" jdbcType="VARCHAR" column="zxj_level"/>-->
        <result property="type" jdbcType="VARCHAR" column="type"/>
    </resultMap>

    <resultMap id="JiangXueJinApplyMap" type="com.sjf.scholarships.domain.ListJiangXueJin">
        <result property="number" jdbcType="VARCHAR" column="number"/>
        <result property="name" jdbcType="VARCHAR" column="name"/>
        <result property="className" jdbcType="VARCHAR" column="class_name"/>
        <result property="grade" jdbcType="VARCHAR" column="grade"/>
        <!--<result property="jxjLevel" jdbcType="VARCHAR" column="jxj_level"/>-->
        <result property="type" jdbcType="VARCHAR" column="type"/>
    </resultMap>


    <!-- 添加到贫困生表-->
    <insert id="addListPoorStudent" parameterType="com.sjf.scholarships.domain.ListPoorStudent">
        insert into list_poor_student
        <trim suffixOverrides="," suffix=")" prefix="(">
            <if test="id != null">
                id,
            </if>
            <if test="number != null">
                number,
            </if>
            <if test="grade != null">
                grade,
            </if>
        </trim>
        <trim suffixOverrides="," suffix=")" prefix=" values (">
            <if test="id != null">
                #{id},
            </if>
            <if test="number != null">
                #{number},
            </if>
            <if test="grade != null">
                #{grade},
            </if>
        </trim>

</insert>

     <!--查询 poor_student 表-->
    <select id="getAllListForPoorStudent" resultMap="PoorStudentMap">
        SELECT stu.class_name, stu.number, stu.name, poor_stu.poor_type, list_poor_stu.grade
        FROM poor_student AS poor_stu
        INNER JOIN student AS stu ON stu.number = poor_stu.number
        INNER JOIN list_poor_student AS list_poor_stu ON list_poor_stu.number = stu.number
        order by list_poor_stu.grade desc
    </select>

    <!-- 添加到助学金表-->
    <insert id="addListZhuXueJinApply" parameterType="com.sjf.scholarships.domain.ListZhuXueJin">
        insert into list_zhuxuejin_apply
        <trim suffixOverrides="," suffix=")" prefix="(">
            <if test="id != null">
                id,
            </if>
            <if test="number != null">
                number,
            </if>
            <if test="grade != null">
                grade,
            </if>
        </trim>
        <trim suffixOverrides="," suffix=")" prefix=" values (">
            <if test="id != null">
                #{id},
            </if>
            <if test="number != null">
                #{number},
            </if>
            <if test="grade != null">
                #{grade},
            </if>
        </trim>

    </insert>

    <!-- 查询 zhuxuejin_apply 表 -->
    <select id="getAllListForZhuXuejin" resultMap="ZhuXueJinApplyMap">
        SELECT stu.class_name, stu.number, stu.name, poor_stu.poor_type,
               zxj_type.type, list_zxj_apply.grade
        FROM poor_student AS poor_stu
        INNER JOIN student AS stu ON stu.number = poor_stu.number
        INNER JOIN zhuxuejin_apply AS zxj_apply ON zxj_apply.number = stu.number
        INNER JOIN list_zhuxuejin_apply AS list_zxj_apply ON list_zxj_apply.number = stu.number
        INNER JOIN zhuxuejin_type AS zxj_type ON zxj_apply.zxj_level = zxj_type.id
        order by list_zxj_apply.grade desc
    </select>


    <!-- 添加到奖学金表-->
    <insert id="addListJiangXueJinApply" parameterType="com.sjf.scholarships.domain.ListJiangXueJin">
        insert into list_jiangxuejin_apply
        <trim suffixOverrides="," suffix=")" prefix="(">
            <if test="id != null">
                id,
            </if>
            <if test="number != null">
                number,
            </if>
            <if test="grade != null">
                grade,
            </if>
        </trim>
        <trim suffixOverrides="," suffix=")" prefix=" values (">
            <if test="id != null">
                #{id},
            </if>
            <if test="number != null">
                #{number},
            </if>
            <if test="grade != null">
                #{grade},
            </if>
        </trim>

    </insert>

    <!-- 查询 jiangxuejin_apply 表 -->
    <select id="getAllListForJiangXuejin" resultMap="JiangXueJinApplyMap">
--         SELECT stu.class_name, stu.number, stu.name, jxj_apply.jxj_level, list_jxj_apply.grade, jxj_type.type
--         FROM student AS stu
--         INNER JOIN jiangxuejin_apply AS jxj_apply ON stu.number = jxj_apply.number
--         INNER JOIN list_jiangxuejin_apply AS list_jxj_apply ON list_jxj_apply.number = stu.number
--         order by list_jxj_apply.grade desc

        SELECT stu.class_name, stu.number, stu.name,
               list_jxj_apply.grade, jxj_type.type
        FROM student AS stu
                 INNER JOIN jiangxuejin_apply AS jxj_apply ON stu.number = jxj_apply.number
                 INNER JOIN list_jiangxuejin_apply AS list_jxj_apply ON list_jxj_apply.number = stu.number
                 INNER JOIN jiangxuejin_type AS jxj_type ON jxj_apply.jxj_level = jxj_type.id
        ORDER BY list_jxj_apply.grade DESC
    </select>


</mapper>