<!DOCTYPE mapper
        PUBLIC "-//mybatis.org//DTD Mapper 3.0//EN"
        "http://mybatis.org/dtd/mybatis-3-mapper.dtd">

<mapper namespace="com.sjf.scholarships.dao.TeacherMapper">
    <resultMap id="BaseResultMap" type="com.sjf.scholarships.domain.Teacher">
        <id column="id" jdbcType="INTEGER" property="id"/>
        <result column="username" jdbcType="VARCHAR" property="username"/>
        <result column="password" jdbcType="VARCHAR" property="password"/>
        <result column="number" jdbcType="VARCHAR" property="number"/>
        <result column="photo" jdbcType="VARCHAR" property="photo"/>
        <result column="name" jdbcType="VARCHAR" property="name"/>
        <result column="sex" jdbcType="VARCHAR" property="sex"/>
        <result column="birth" jdbcType="TIMESTAMP" property="birth"/>
        <result column="mobile_phone" jdbcType="VARCHAR" property="mobilePhone"/>
        <result column="role" jdbcType="VARCHAR" property="role"/>
    </resultMap>

    <sql id="Base_Column_List">
        id,username,password,number,photo,name,sex,birth,mobile_phone,role
    </sql>

    <!--验证登录-->
    <select id="verifyPassword" resultType="java.lang.Integer">
        select count(*) from teacher where username = #{username} and password = #{password} and role = #{role}
    </select>

    <!--    添加辅导员-->
    <insert id="insert" parameterType="com.sjf.scholarships.domain.Teacher">
        insert into teacher
        <trim prefix="(" suffix=")" suffixOverrides=",">
            <if test="id != null">
                id,
            </if>
            <if test="username != null">
                username,
            </if>
            <if test="password != null">
                password,
            </if>
            <if test="number != null">
                number,
            </if>
            <if test="photo != null">
                photo,
            </if>
            <if test="name != null">
                name,
            </if>
            <if test="sex != null">
                sex,
            </if>
            <if test="birth != null">
                birth,
            </if>
            <if test="mobilePhone != null">
                mobile_phone,
            </if>
        </trim>
        <trim prefix=" values (" suffix=")" suffixOverrides=",">
            <if test="id != null">
                #{id},
            </if>
            <if test="username != null">
                #{username},
            </if>
            <if test="password != null">
                #{password},
            </if>
            <if test="number != null">
                #{number},
            </if>
            <if test="photo != null">
                #{photo},
            </if>
            <if test="name != null">
                #{name},
            </if>
            <if test="sex != null">
                #{sex},
            </if>
            <if test="birth != null">
                #{birth},
            </if>
            <if test="mobilePhone != null">
                #{mobilePhone},
            </if>
        </trim>
    </insert>

    <!--   删除辅导员 -->
    <delete id="delete" parameterType="java.lang.Integer">
        delete from teacher where id = #{id}
    </delete>

    <!--   修改辅导员,update-->
    <update id="update" parameterType="com.sjf.scholarships.domain.Teacher">
        update teacher
        <set>
            <if test="username != null">
                username = #{username},
            </if>
            <if test="password != null">
                password = #{password},
            </if>
            <if test="number != null">
                number = #{number},
            </if>
            <if test="photo != null">
                photo = #{photo},
            </if>
            <if test="name != null">
                name = #{name},
            </if>
            <if test="sex != null">
                sex = #{sex},
            </if>
            <if test="birth != null">
                birth = #{birth},
            </if>
            <if test="mobilePhone != null">
                mobile_phone = #{mobilePhone},
            </if>
        </set>
        where id = #{id}
    </update>

    <!--   查询所有辅导员，-->
    <select id="selectAllTeacher" resultMap="BaseResultMap">
        select
        <include refid="Base_Column_List"></include>
        from teacher
    </select>

    <!--根据用户名查询用户信息-->
    <select id="selectByUsername" resultMap="BaseResultMap">
        select * from teacher where username = #{username}
    </select>

    <!--    根据id(逐渐)查询对象-->
    <select id="selectTeacherByKey" resultMap="BaseResultMap" parameterType="java.lang.Integer">
        select
        <include refid="Base_Column_List"/>
        from teacher
        where id = #{id}
    </select>

    <!--   根据学生名字模糊查询-->
    <select id="selectTeacherByName" resultMap="BaseResultMap">
        select
        <include refid="Base_Column_List"/>
        from teacher
        where name like #{name}
    </select>
</mapper>