<!DOCTYPE mapper
        PUBLIC "-//mybatis.org//DTD Mapper 3.0//EN"
        "http://mybatis.org/dtd/mybatis-3-mapper.dtd">

<mapper namespace="com.sjf.scholarships.dao.ZhuXueJinApplyMapper">
    <resultMap id="BaseResultMap" type="com.sjf.scholarships.domain.ZhuXueJinApply">
        <id column="id" jdbcType="INTEGER" property="id"/>
        <result column="username" jdbcType="VARCHAR" property="username"/>
        <result column="number" jdbcType="VARCHAR" property="number"/>
        <result column="name" jdbcType="VARCHAR" property="name"/>
        <result column="zxj_level" jdbcType="VARCHAR" property="zxjLevel"/>
        <result column="address" jdbcType="VARCHAR" property="address"/>
        <result column="class_name" jdbcType="VARCHAR" property="className"/>
        <result column="apply_time" jdbcType="TIMESTAMP" property="applyTime"/>
        <result column="teacher_check" jdbcType="VARCHAR" property="teacherCheck"/>
        <result column="teacher_opinion" jdbcType="VARCHAR" property="teacherOpinion"/>
        <result column="office_check" jdbcType="VARCHAR" property="officeCheck"/>
        <result column="office_opinion" jdbcType="VARCHAR" property="officeOpinion"/>
        <result column="type" jdbcType="VARCHAR" property="type"/> <!--zxj_type表-->
    </resultMap>

    <resultMap id="ZhuXueJinApplyAndStudentMap" type="com.sjf.scholarships.domain.ZhuXueJinApplyAndStudent">
        <id column="id" jdbcType="INTEGER" property="id"/>
        <result column="username" jdbcType="VARCHAR" property="username"/>
        <result column="number" jdbcType="VARCHAR" property="number"/>
        <result column="name" jdbcType="VARCHAR" property="name"/>
        <result column="zxj_level" jdbcType="VARCHAR" property="zxjLevel"/>
        <result column="address" jdbcType="VARCHAR" property="address"/>
        <result column="class_name" jdbcType="VARCHAR" property="className"/>
        <result column="apply_time" jdbcType="TIMESTAMP" property="applyTime"/>
        <result column="teacher_check" jdbcType="VARCHAR" property="teacherCheck"/>
        <result column="teacher_opinion" jdbcType="VARCHAR" property="teacherOpinion"/>
        <result column="office_check" jdbcType="VARCHAR" property="officeCheck"/>
        <result column="office_opinion" jdbcType="VARCHAR" property="officeOpinion"/>
        <result column="gpa" jdbcType="VARCHAR" property="gpa"/>    <!--student表的-->
    </resultMap>

    <sql id="Base_Column_List">
        id,username,number,name,zxj_level,address,class_name,apply_time,teacher_check,
            teacher_opinion,office_check,office_opinion
    </sql>

    <!--    添加-->
    <insert id="insert" parameterType="com.sjf.scholarships.domain.ZhuXueJinApply">
        insert into zhuxuejin_apply
        <trim prefix="(" suffix=")" suffixOverrides=",">
            <if test="id != null">
                id,
            </if>
            <if test="username != null">
                username,
            </if>
            <if test="number != null">
                number,
            </if>
            <if test="name != null">
                name,
            </if>
            <if test="zxjLevel != null">
                zxj_level,
            </if>
            <if test="address != null">
                address,
            </if>
            <if test="className != null">
                class_name,
            </if>
            <if test="applyTime != null">
                apply_time,
            </if>
        </trim>
        <trim prefix=" values (" suffix=")" suffixOverrides=",">
            <if test="id != null">
                #{id},
            </if>
            <if test="username != null">
                #{username},
            </if>
            <if test="number != null">
                #{number},
            </if>
            <if test="name != null">
                #{name},
            </if>
            <if test="zxjLevel != null">
                #{zxjLevel},
            </if>
            <if test="address != null">
                #{address},
            </if>
            <if test="className != null">
                #{className},
            </if>
            <if test="applyTime != null">
                #{applyTime},
            </if>
        </trim>
    </insert>

    <!--   删除 -->
    <delete id="delete" parameterType="java.lang.Integer">
        delete from zhuxuejin_apply where id = #{id}
    </delete>

    <!--   修改,update-->
    <update id="update" parameterType="com.sjf.scholarships.domain.ZhuXueJinApply">
        update zhuxuejin_apply
        <set>
            <if test="id != null">
                id = #{id},
            </if>
            <if test="number != null">
                number = #{number},
            </if>
            <if test="name != null">
                name = #{name},
            </if>
            <if test="zxjLevel != null">
                zxj_level = #{zxjLevel},
            </if>
            <if test="address != null">
                address = #{address},
            </if>
            <if test="className != null">
                class_name = #{className},
            </if>
            <if test="applyTime != null">
                apply_time = #{applyTime},
            </if>
        </set>
        where id = #{id}
    </update>

    <!--   辅导员审批助学金,update-->
    <update id="updateZhuXueJinApplyForTeacher" parameterType="com.sjf.scholarships.domain.ZhuXueJinApply">
        update zhuxuejin_apply
        <set>
            <if test="id != null">
                id = #{id},
            </if>
            <if test="teacherCheck != null">
                teacher_check = #{teacherCheck},
            </if>
            teacher_opinion = #{teacherOpinion},
        </set>
        where id = #{id}
    </update>

    <!--   教务处审批奖学金,update-->
    <update id="updateZhuXueJinApplyForOffice" parameterType="com.sjf.scholarships.domain.ZhuXueJinApply">
        update zhuxuejin_apply
        <set>
            <if test="id != null">
                id = #{id},
            </if>
            <if test="officeCheck != null">
                office_check = #{officeCheck},
            </if>
            office_opinion = #{officeOpinion},
        </set>
        where id = #{id}
    </update>

    <!--查询所有，-->
    <select id="selectAllZhuXueJinApply" resultMap="ZhuXueJinApplyAndStudentMap">
        SELECT zxj_apply.*, s.gpa AS gpa
        FROM zhuxuejin_apply zxj_apply
        LEFT JOIN student s ON zxj_apply.number = s.number
    </select>

    <!--By username，-->
    <select id="getZhuXueJinApplyByUsername" resultMap="BaseResultMap">
        select
        zxj_apply.*, zxj_type.*
        from zhuxuejin_apply as zxj_apply
        inner join zhuxuejin_type as zxj_type
        on zxj_apply.zxj_level = zxj_type.id
        where username = #{username}
    </select>

    <!--    查询辅导员审批同意的助学金申请学生信息-->
    <select id="selectZhuXueJinApplyByTeacherPass" resultMap="ZhuXueJinApplyAndStudentMap" >
        SELECT zxj_apply.*, s.gpa AS gpa
        FROM zhuxuejin_apply zxj_apply
        LEFT JOIN student s ON zxj_apply.number = s.number
        where teacher_check = '1'
    </select>

    <!--    根据id(逐渐)查询对象-->
    <select id="selectZhuXueJinApplyByKey" resultMap="BaseResultMap" parameterType="java.lang.Integer">
        select
        <include refid="Base_Column_List"/>
        from zhuxuejin_apply
        where id = #{id}
    </select>

    <!--    根据number(学号)查询对象-->
    <select id="selectZhuXueJinApplyByNumber" resultMap="BaseResultMap" parameterType="java.lang.Integer">
        select
        <include refid="Base_Column_List"/>
        from zhuxuejin_apply
        where number = #{number}
    </select>

    <!--   根据学生名字模糊查询-->
    <select id="selectZhuXueJinApplyByName" resultMap="BaseResultMap">
        select
        <include refid="Base_Column_List"/>
        from zhuxuejin_apply
        where name like #{name}
    </select>
</mapper>