<!DOCTYPE mapper
        PUBLIC "-//mybatis.org//DTD Mapper 3.0//EN"
        "http://mybatis.org/dtd/mybatis-3-mapper.dtd">

<mapper namespace="com.sjf.scholarships.dao.AdminMapper">
    <resultMap id="BaseResultMap" type="com.sjf.scholarships.domain.Admin">
        <id column="id" jdbcType="INTEGER" property="id"/>
        <result column="photo" jdbcType="VARCHAR" property="photo"/>
        <result column="username" jdbcType="VARCHAR" property="username"/>
        <result column="password" jdbcType="VARCHAR" property="password"/>
        <result column="role" jdbcType="VARCHAR" property="role"/>
    </resultMap>

    <sql id="Base_Column_List">
        id,photo,username,password,role
    </sql>
    
    <select id="verifyPassword" resultType="java.lang.Integer">
        select count(*) from admin where username = #{username} and password = #{password} and role = #{role}
    </select>

    <!--根据用户名查询用户信息-->
    <select id="selectAdminByUsername" resultMap="BaseResultMap">
        select * from admin where username = #{username}
    </select>

    <select id="selectAllAdmin" resultMap="BaseResultMap">
        select
        <include refid="Base_Column_List"></include>
        from admin
    </select>

    <!--   修改学生,update-->
    <update id="update" parameterType="com.sjf.scholarships.domain.Admin">
        update admin
        <set>
            <if test="photo != null">
                photo = #{photo},
            </if>
            <if test="password != null">
                password = #{password},
            </if>
        </set>
        where id = #{id}
    </update>

</mapper>