<!DOCTYPE mapper
        PUBLIC "-//mybatis.org//DTD Mapper 3.0//EN"
        "http://mybatis.org/dtd/mybatis-3-mapper.dtd">

<mapper namespace="com.sjf.scholarships.dao.BulletinMapper">
    <resultMap id="BaseResultMap" type="com.sjf.scholarships.domain.Bulletin">
        <id column="id" jdbcType="INTEGER" property="id"/>
        <result column="title" jdbcType="VARCHAR" property="title"/>
        <result column="author" jdbcType="VARCHAR" property="author"/>
        <result column="news" jdbcType="VARCHAR" property="news"/>
        <result column="create_date" jdbcType="TIMESTAMP" property="createDate"/>
        <result column="type" jdbcType="VARCHAR" property="type"/>
    </resultMap>

    <sql id="Base_Column_List">
        id,title,author,news,title,create_date,type
    </sql>

    <!--    添加-->
    <insert id="insert" parameterType="com.sjf.scholarships.domain.Bulletin">
        insert into bulletin
        <trim prefix="(" suffix=")" suffixOverrides=",">
            <if test="id != null">
                id,
            </if>
            <if test="title != null">
                title,
            </if>
            <if test="author != null">
                author,
            </if>
            <if test="news != null">
                news,
            </if>
                create_date,
            <if test="type != null">
                type,
            </if>
        </trim>
        <trim prefix=" values (" suffix=")" suffixOverrides=",">
            <if test="id != null">
                #{id},
            </if>
            <if test="title != null">
                #{title},
            </if>
            <if test="author != null">
                #{author},
            </if>
            <if test="news != null">
                #{news},
            </if>
            now(),
            <if test="type != null">
                #{type},
            </if>
        </trim>
    </insert>

    <!--   删除辅导员 -->
    <delete id="delete" parameterType="java.lang.Integer">
        delete from bulletin where id = #{id}
    </delete>

    <!--   修改,update-->
    <update id="update" parameterType="com.sjf.scholarships.domain.Bulletin">
        update bulletin
        <set>
            <if test="title != null">
                title = #{title},
            </if>
            <if test="author != null">
                author = #{author},
            </if>
            <if test="news != null">
                news = #{news},
            </if>
            <if test="type != null">
                type = #{type},
            </if>
        </set>
        where id = #{id}
    </update>

    <!--   查询所有公告栏，-->
    <select id="selectAllBulletin" resultMap="BaseResultMap">
        select
        <include refid="Base_Column_List"></include>
        from bulletin order by create_date desc
    </select>

    <!--    根据id(逐渐)查询对象-->
    <select id="selectBulletinByKey" resultMap="BaseResultMap" parameterType="java.lang.Integer">
        select
        <include refid="Base_Column_List"/>
        from bulletin
        where id = #{id}
    </select>

    <!--   根据标题模糊查询-->
    <select id="selectBulletinByTitle" resultMap="BaseResultMap">
        select
        <include refid="Base_Column_List"/>
        from bulletin
        where title like #{title}
    </select>

    <!--   根据标type查询-->
    <select id="selectBulletinForJiang" resultMap="BaseResultMap">
        select
        <include refid="Base_Column_List"/>
        from bulletin
        where type = #{type}
    </select>
</mapper>