<!DOCTYPE mapper
        PUBLIC "-//mybatis.org//DTD Mapper 3.0//EN"
        "http://mybatis.org/dtd/mybatis-3-mapper.dtd">

<mapper namespace="com.sjf.scholarships.dao.JiangXueJinMapper">
    <resultMap id="BaseResultMap" type="com.sjf.scholarships.domain.JiangXueJin">
        <id column="id" jdbcType="INTEGER" property="id"/>
        <result column="number" jdbcType="VARCHAR" property="number"/>
        <result column="name" jdbcType="VARCHAR" property="name"/>
        <result column="level" jdbcType="VARCHAR" property="level"/>
        <result column="start_time" jdbcType="TIMESTAMP" property="startTime"/>
        <result column="deadline" jdbcType="TIMESTAMP" property="deadline"/>
        <result column="create_time" jdbcType="TIMESTAMP" property="createTime"/>
        <result column="photo" jdbcType="VARCHAR" property="photo"/>
        <result column="introduce" jdbcType="VARCHAR" property="introduce"/>
    </resultMap>

    <sql id="Base_Column_List">
        id,number,name,level,start_time,deadline,create_time,photo,introduce
    </sql>

    <!--    添加-->
    <insert id="insert" parameterType="com.sjf.scholarships.domain.JiangXueJin">
        insert into jiangxuejin
        <trim prefix="(" suffix=")" suffixOverrides=",">
            <if test="id != null">
                id,
            </if>
            <if test="number != null">
                number,
            </if>
            <if test="name != null">
                name,
            </if>
            <if test="level != null">
                level,
            </if>
            <if test="startTime != null">
                start_time,
            </if>
            <if test="deadline != null">
                deadline,
            </if>
                create_time,
            <if test="photo != null">
                photo,
            </if>
            <if test="introduce != null">
                introduce,
            </if>
        </trim>
        <trim prefix=" values (" suffix=")" suffixOverrides=",">
            <if test="id != null">
                #{id},
            </if>
            <if test="number != null">
                #{number},
            </if>
            <if test="name != null">
                #{name},
            </if>
            <if test="level != null">
                #{level},
            </if>
            <if test="startTime != null">
                #{startTime},
            </if>
            <if test="deadline != null">
                #{deadline},
            </if>
                now(),
            <if test="photo != null">
                #{photo},
            </if>
            <if test="introduce != null">
                #{introduce},
            </if>
        </trim>
    </insert>

    <!--   删除辅导员 -->
    <delete id="delete" parameterType="java.lang.Integer">
        delete from jiangxuejin where id = #{id}
    </delete>

    <!--   修改,update-->
    <update id="update" parameterType="com.sjf.scholarships.domain.JiangXueJin">
        update jiangxuejin
        <set>
            <if test="number != null">
                number = #{number},
            </if>
            <if test="name != null">
                name = #{name},
            </if>
            <if test="level != null">
                level = #{level},
            </if>
            <if test="startTime != null">
                start_time = #{startTime},
            </if>
            <if test="deadline != null">
                deadline = #{deadline},
            </if>
            <if test="photo != null">
                photo = #{photo},
            </if>
            <if test="introduce != null">
                introduce = #{introduce},
            </if>
        </set>
        where id = #{id}
    </update>

    <!--   查询所有辅导员，-->
    <select id="selectAllJiangXueJin" resultMap="BaseResultMap">
        select
        <include refid="Base_Column_List"></include>
        from jiangxuejin
    </select>

    <!--    根据id(逐渐)查询对象-->
    <select id="selectJiangXueJinByKey" resultMap="BaseResultMap" parameterType="java.lang.Integer">
        select
        <include refid="Base_Column_List"/>
        from jiangxuejin
        where id = #{id}
    </select>

    <!--    根据id(逐渐)查询对象-->
    <select id="selectJiangXueJinByNumber" resultMap="BaseResultMap" parameterType="java.lang.Integer">
        select
        <include refid="Base_Column_List"/>
        from jiangxuejin
        where number = #{number}
    </select>

    <!--   根据学生名字模糊查询-->
    <select id="selectJiangXueJinByName" resultMap="BaseResultMap">
        select
        <include refid="Base_Column_List"/>
        from jiangxuejin
        where name like #{name}
    </select>
</mapper>