<!DOCTYPE mapper
        PUBLIC "-//mybatis.org//DTD Mapper 3.0//EN"
        "http://mybatis.org/dtd/mybatis-3-mapper.dtd">

<mapper namespace="com.sjf.scholarships.dao.JiangXueJinApplyMapper">
    <resultMap id="BaseResultMap" type="com.sjf.scholarships.domain.JiangXueJinApply">
        <id column="id" jdbcType="INTEGER" property="id"/>
        <result column="number" jdbcType="VARCHAR" property="number"/>
        <result column="name" jdbcType="VARCHAR" property="name"/>
        <result column="jxj_level" jdbcType="VARCHAR" property="jxjLevel"/>
        <result column="address" jdbcType="VARCHAR" property="address"/>
        <result column="class_name" jdbcType="VARCHAR" property="className"/>
        <result column="apply_time" jdbcType="TIMESTAMP" property="applyTime"/>
        <result column="teacher_check" jdbcType="VARCHAR" property="teacherCheck"/>
        <result column="teacher_opinion" jdbcType="VARCHAR" property="teacherOpinion"/>
        <result column="office_check" jdbcType="VARCHAR" property="officeCheck"/>
        <result column="office_opinion" jdbcType="VARCHAR" property="officeOpinion"/>
    </resultMap>

    <sql id="Base_Column_List">
        id,number,name,jxj_level,address,class_name,apply_time,teacher_check,
            teacher_opinion,office_check,office_opinion
    </sql>

    <!--    添加-->
    <insert id="insert" parameterType="com.sjf.scholarships.domain.JiangXueJinApply">
        insert into jiangxuejin_apply
        <trim prefix="(" suffix=")" suffixOverrides=",">
            <if test="id != null">
                id,
            </if>
            <if test="number != null">
                number,
            </if>
            <if test="name != null">
                name,
            </if>
            <if test="jxjLevel != null">
                jxj_level,
            </if>
            <if test="address != null">
                address,
            </if>
            <if test="className != null">
                class_name,
            </if>
            <if test="applyTime != null">
                apply_time,
            </if>
        </trim>
        <trim prefix=" values (" suffix=")" suffixOverrides=",">
            <if test="id != null">
                #{id},
            </if>
            <if test="number != null">
                #{number},
            </if>
            <if test="name != null">
                #{name},
            </if>
            <if test="jxjLevel != null">
                #{jxjLevel},
            </if>
            <if test="address != null">
                #{address},
            </if>
            <if test="className != null">
                #{className},
            </if>
            <if test="applyTime != null">
                #{applyTime},
            </if>
        </trim>
    </insert>

    <!--   删除 -->
    <delete id="delete" parameterType="java.lang.Integer">
        delete from jiangxuejin_apply where id = #{id}
    </delete>

    <!--   修改,update-->
    <update id="update" parameterType="com.sjf.scholarships.domain.JiangXueJinApply">
        update jiangxuejin_apply
        <set>
            <if test="id != null">
                id = #{id},
            </if>
            <if test="number != null">
                number = #{number},
            </if>
            <if test="name != null">
                name = #{name},
            </if>
            <if test="jxjLevel != null">
                jxj_level = #{jxjLevel},
            </if>
            <if test="address != null">
                address = #{address},
            </if>
            <if test="className != null">
                class_name = #{className},
            </if>
            <if test="applyTime != null">
                apply_time = #{applyTime},
            </if>
        </set>
        where id = #{id}
    </update>
    <!--   辅导员审批助学金,update-->
    <update id="updateJiangXueJinApplyForTeacher" parameterType="com.sjf.scholarships.domain.JiangXueJinApply">
        update jiangxuejin_apply
        <set>
            <if test="id != null">
                id = #{id},
            </if>
            <if test="teacherCheck != null">
                teacher_check = #{teacherCheck},
            </if>
            teacher_opinion = #{teacherOpinion},
        </set>
        where id = #{id}
    </update>

    <!--   教务处审批奖学金,update-->
    <update id="updateJiangXueJinApplyForOffice" parameterType="com.sjf.scholarships.domain.JiangXueJinApply">
        update jiangxuejin_apply
        <set>
            <if test="id != null">
                id = #{id},
            </if>
            <if test="officeCheck != null">
                office_check = #{officeCheck},
            </if>
            office_opinion = #{officeOpinion},
        </set>
        where id = #{id}
    </update>

    <!--查询所有，-->
    <select id="selectAllJiangXueJinApply" resultMap="BaseResultMap">
        select
        <include refid="Base_Column_List"></include>
        from jiangxuejin_apply
    </select>

    <!--    查询辅导员审批同意的奖学金申请学生信息-->
    <select id="selectJiangXueJinApplyByTeacherPass" resultMap="BaseResultMap" >
        select
        <include refid="Base_Column_List"/>
        from jiangxuejin_apply
        where teacher_check = '1'
    </select>

    <!--    根据id(逐渐)查询对象-->
    <select id="selectJiangXueJinApplyByKey" resultMap="BaseResultMap" parameterType="java.lang.Integer">
        select
        <include refid="Base_Column_List"/>
        from jiangxuejin_apply
        where id = #{id}
    </select>

    <!--    根据number(学号)查询对象-->
    <select id="selectJiangXueJinApplyByNumber" resultMap="BaseResultMap" parameterType="java.lang.Integer">
        select
        <include refid="Base_Column_List"/>
        from jiangxuejin_apply
        where number = #{number}
    </select>

    <!--   根据学生名字模糊查询-->
    <select id="selectJiangXueJinApplyByName" resultMap="BaseResultMap">
        select
        <include refid="Base_Column_List"/>
        from jiangxuejin_apply
        where name like #{name}
    </select>
</mapper>