<!DOCTYPE mapper
        PUBLIC "-//mybatis.org//DTD Mapper 3.0//EN"
        "http://mybatis.org/dtd/mybatis-3-mapper.dtd">

<mapper namespace="com.sjf.scholarships.dao.OfficeMapper">
    <resultMap id="BaseResultMap" type="com.sjf.scholarships.domain.Office">
        <id column="id" jdbcType="INTEGER" property="id"/>
        <result column="username" jdbcType="VARCHAR" property="username"/>
        <result column="password" jdbcType="VARCHAR" property="password"/>
        <result column="number" jdbcType="VARCHAR" property="number"/>
        <result column="name" jdbcType="VARCHAR" property="name"/>
        <result column="phone" jdbcType="VARCHAR" property="phone"/>
        <result column="email" jdbcType="VARCHAR" property="email"/>
        <result column="role" jdbcType="VARCHAR" property="role"/>
    </resultMap>

    <sql id="Base_Column_List">
        id,username,password,number,name,phone,email,role
    </sql>

    <!--验证登录-->
    <select id="verifyPassword" resultType="java.lang.Integer">
        select count(*) from office where username = #{username} and password = #{password} and role = #{role}
    </select>

    <!--    添加-->
    <insert id="insert" parameterType="com.sjf.scholarships.domain.Office">
        insert into office
        <trim prefix="(" suffix=")" suffixOverrides=",">
            <if test="id != null">
                id,
            </if>
            <if test="username != null">
                username,
            </if>
            <if test="password != null">
                password,
            </if>
            <if test="number != null">
                number,
            </if>
            <if test="name != null">
                name,
            </if>
            <if test="phone != null">
                phone,
            </if>
            <if test="email != null">
                email,
            </if>
        </trim>
        <trim prefix=" values (" suffix=")" suffixOverrides=",">
            <if test="id != null">
                #{id},
            </if>
            <if test="username != null">
                #{username},
            </if>
            <if test="password != null">
                #{password},
            </if>
            <if test="number != null">
                #{number},
            </if>
            <if test="name != null">
                #{name},
            </if>
            <if test="phone != null">
                #{phone},
            </if>
            <if test="email != null">
                #{email},
            </if>
        </trim>
    </insert>

    <!--   删除辅导员 -->
    <delete id="delete" parameterType="java.lang.Integer">
        delete from office where id = #{id}
    </delete>

    <!--   修改,update-->
    <update id="update" parameterType="com.sjf.scholarships.domain.Office">
        update office
        <set>
            <if test="username != null">
                username = #{username},
            </if>
            <if test="password != null">
                password = #{password},
            </if>
            <if test="number != null">
                number = #{number},
            </if>

            <if test="name != null">
                name = #{name},
            </if>
            <if test="phone != null">
                phone = #{phone},
            </if>
            <if test="email != null">
                email = #{email},
            </if>
        </set>
        where id = #{id}
    </update>

    <!--   查询所有辅导员，-->
    <select id="selectAllOffice" resultMap="BaseResultMap">
        select
        <include refid="Base_Column_List"></include>
        from office
    </select>

    <!--根据用户名查询用户信息-->
    <select id="selectByUsername" resultMap="BaseResultMap">
        select * from office where username = #{username}
    </select>

    <!--    根据id(逐渐)查询对象-->
    <select id="selectOfficeByKey" resultMap="BaseResultMap" parameterType="java.lang.Integer">
        select
        <include refid="Base_Column_List"/>
        from office
        where id = #{id}
    </select>

    <!--   根据学生名字模糊查询-->
    <select id="selectOfficeByName" resultMap="BaseResultMap">
        select
        <include refid="Base_Column_List"/>
        from office
        where name like #{name}
    </select>
</mapper>