<!DOCTYPE mapper
        PUBLIC "-//mybatis.org//DTD Mapper 3.0//EN"
        "http://mybatis.org/dtd/mybatis-3-mapper.dtd">

<mapper namespace="com.sjf.scholarships.dao.PoorStudentMapper">
    <resultMap id="BaseResultMap" type="com.sjf.scholarships.domain.PoorStudent">
        <id column="id" jdbcType="INTEGER" property="id"/>
        <result column="number" jdbcType="VARCHAR" property="number"/>
        <result column="name" jdbcType="VARCHAR" property="name"/>
        <result column="sex" jdbcType="VARCHAR" property="sex"/>
        <result column="address" jdbcType="VARCHAR" property="address"/>
        <result column="family_size" jdbcType="VARCHAR" property="familySize"/>
        <result column="family_income" jdbcType="VARCHAR" property="familyIncome"/>
        <result column="annual_income" jdbcType="VARCHAR" property="annualIncome"/>
        <result column="income_source" jdbcType="VARCHAR" property="incomeSource"/>
        <result column="poor_type" jdbcType="VARCHAR" property="poorType"/>
        <result column="start_time" jdbcType="TIMESTAMP" property="startTime"/>
        <result column="teacher_check" jdbcType="VARCHAR" property="teacherCheck"/>
        <result column="teacher_opinion" jdbcType="VARCHAR" property="teacherOpinion"/>
        <result column="office_check" jdbcType="VARCHAR" property="officeCheck"/>
        <result column="office_opinion" jdbcType="VARCHAR" property="officeOpinion"/>
    </resultMap>

    <!---->
    <sql id="Base_Column_List">
        id,number,name,sex,address,family_size,family_income,
            annual_income,income_source,poor_type,start_time,teacher_check,
            teacher_opinion,office_check,office_opinion
    </sql>

    <!--    添加-->
    <insert id="insert" parameterType="com.sjf.scholarships.domain.PoorStudent">
        insert into poor_student
        <trim prefix="(" suffix=")" suffixOverrides=",">
            <if test="id != null">
                id,
            </if>
            <if test="number != null">
                number,
            </if>
            <if test="name != null">
                name,
            </if>
            <if test="sex != null">
                sex,
            </if>
            <if test="address != null">
                address,
            </if>
            <if test="familySize != null">
                family_size,
            </if>
            <if test="familyIncome != null">
                family_income,
            </if>

            <if test="annualIncome != null">
                annual_income,
            </if>
            <if test="incomeSource != null">
                income_source,
            </if>
            <if test="poorType != null">
                poor_type,
            </if>
            <if test="startTime != null">
                start_time,
            </if>
        </trim>
        <trim prefix=" values (" suffix=")" suffixOverrides=",">
            <if test="id != null">
                #{id},
            </if>
            <if test="number != null">
                #{number},
            </if>
            <if test="name != null">
                #{name},
            </if>
            <if test="sex != null">
                #{sex},
            </if>
            <if test="address != null">
                #{address},
            </if>
            <if test="familySize != null">
                #{familySize},
            </if>
            <if test="familyIncome != null">
                #{familyIncome},
            </if>
            <if test="annualIncome != null">
                #{annualIncome},
            </if>
            <if test="incomeSource != null">
                #{incomeSource},
            </if>
            <if test="poorType != null">
                #{poorType},
            </if>
            <if test="startTime != null">
                #{startTime},
            </if>
        </trim>
    </insert>

    <!--   删除 -->
    <delete id="delete" parameterType="java.lang.Integer">
        delete from poor_student where id = #{id}
    </delete>

    <!--   修改,update-->
    <update id="update" parameterType="com.sjf.scholarships.domain.PoorStudent">
        update poor_student
        <set>
            <if test="id != null">
                id = #{id},
            </if>
            <if test="number != null">
                number = #{number},
            </if>
            <if test="name != null">
                name = #{name},
            </if>
            <if test="sex != null">
                sex = #{sex},
            </if>
            <if test="address != null">
                address = #{address},
            </if>
            <if test="familySize != null">
                family_size = #{familySize},
            </if>
            <if test="familyIncome != null">
                family_income = #{familyIncome},
            </if>
            <if test="annualIncome != null">
                annual_income = #{annualIncome},
            </if>
            <if test="incomeSource != null">
                income_source = #{incomeSource},
            </if>
            <if test="poorType != null">
                poor_type = #{poorType},
            </if>
            <if test="startTime != null">
                start_time = #{startTime},
            </if>
        </set>
        where id = #{id}
    </update>

    <!--   辅导员贫困生审批,update-->
    <update id="updatePoorStudentForTeacher" parameterType="com.sjf.scholarships.domain.PoorStudent">
        update poor_student
        <set>
            <if test="id != null">
                id = #{id},
            </if>
            <if test="teacherCheck != null">
                teacher_check = #{teacherCheck},
            </if>
                teacher_opinion = #{teacherOpinion},
        </set>
        where id = #{id}
    </update>

    <!--   教务处贫困生审批,update-->
    <update id="updatePoorStudentForOffice" parameterType="com.sjf.scholarships.domain.PoorStudent">
        update poor_student
        <set>
            <if test="id != null">
                id = #{id},
            </if>
            <if test="officeCheck != null">
                office_check = #{officeCheck},
            </if>
            office_opinion = #{officeOpinion},
        </set>
        where id = #{id}
    </update>

    <!--   查询所有贫困学生，-->
    <select id="selectAllPoorStudent" resultMap="BaseResultMap">
        select
        <include refid="Base_Column_List"></include>
        from poor_student
    </select>

    <!--    查询辅导员审批同意的奖学金申请学生信息-->
    <select id="selectAllPoorStudentByTeacherPass" resultMap="BaseResultMap" >
        select
        <include refid="Base_Column_List"/>
        from poor_student
        where teacher_check = '1'
    </select>

    <!--    根据id(逐渐)查询对象-->
    <select id="selectPoorStudentByKey" resultMap="BaseResultMap" parameterType="java.lang.Integer">
        select
        <include refid="Base_Column_List"/>
        from poor_student
        where id = #{id}
    </select>

    <!--根据学生学号精确查询-->
    <select id="selectPoorStudentByNumber" resultMap="BaseResultMap" parameterType="java.lang.String">
        select
        <include refid="Base_Column_List"/>
        from poor_student
        where number = #{number}
    </select>

    <!--   根据学生名字模糊查询-->
    <select id="selectPoorStudentByName" resultMap="BaseResultMap">
        select
        <include refid="Base_Column_List"/>
        from poor_student
        where name like #{name}
    </select>

</mapper>