<!DOCTYPE mapper
        PUBLIC "-//mybatis.org//DTD Mapper 3.0//EN"
        "http://mybatis.org/dtd/mybatis-3-mapper.dtd">

<mapper namespace="com.sjf.scholarships.dao.StudentMapper">
    <resultMap id="BaseResultMap" type="com.sjf.scholarships.domain.Student">
        <id column="id" jdbcType="INTEGER" property="id"/>
        <result column="username" jdbcType="VARCHAR" property="username"/>
        <result column="password" jdbcType="VARCHAR" property="password"/>
        <result column="number" jdbcType="VARCHAR" property="number"/>
        <result column="name" jdbcType="VARCHAR" property="name"/>
        <result column="sex" jdbcType="VARCHAR" property="sex"/>
        <result column="photo" jdbcType="VARCHAR" property="photo"/>
        <result column="class_name" jdbcType="VARCHAR" property="className"/>
        <result column="birth" jdbcType="TIMESTAMP" property="birth"/>
        <result column="nationality" jdbcType="VARCHAR" property="nationality"/>
        <result column="political_status" jdbcType="VARCHAR" property="politicalStatus"/>
        <result column="native_place" jdbcType="VARCHAR" property="nativePlace"/>
        <result column="address" jdbcType="VARCHAR" property="address"/>
        <result column="postcard" jdbcType="VARCHAR" property="postcard"/>
        <result column="family_phone" jdbcType="VARCHAR" property="familyPhone"/>
        <result column="mobile_phone" jdbcType="VARCHAR" property="mobilePhone"/>
        <result column="role" jdbcType="VARCHAR" property="role"/>
    </resultMap>

    <sql id="Base_Column_List">
        id,username,password,number,name,sex,photo,class_name,birth,
        nationality,political_status,native_place,address,postcard,family_phone,mobile_phone,role
    </sql>

    <!--验证登录-->
    <select id="verifyPassword" resultType="java.lang.Integer">
        select count(*) from student where username = #{username} and password = #{password} and role = #{role}
    </select>

    <!--    添加学生-->
    <insert id="insert" parameterType="com.sjf.scholarships.domain.Student">
        insert into student
        <trim prefix="(" suffix=")" suffixOverrides=",">
            <if test="id != null">
                id,
            </if>
            <if test="username != null">
                username,
            </if>
            <if test="password != null">
                password,
            </if>
            <if test="number != null">
                number,
            </if>
            <if test="name != null">
                name,
            </if>
            <if test="sex != null">
                sex,
            </if>
            <if test="photo != null">
                photo,
            </if>
            <if test="className != null">
                class_name,
            </if>
            <if test="birth != null">
                birth,
            </if>
            <if test="nationality != null">
                nationality,
            </if>
            <if test="politicalStatus != null">
                political_status,
            </if>
            <if test="nativePlace != null">
                native_place,
            </if>
            <if test="address != null">
                address,
            </if>
            <if test="postcard != null">
                postcard,
            </if>
            <if test="familyPhone != null">
                family_phone,
            </if>
            <if test="mobilePhone != null">
                mobile_phone,
            </if>
        </trim>
        <trim prefix=" values (" suffix=")" suffixOverrides=",">
            <if test="id != null">
                #{id},
            </if>
            <if test="username != null">
                #{username},
            </if>
            <if test="password != null">
                #{password},
            </if>
            <if test="number != null">
                #{number},
            </if>
            <if test="name != null">
                #{name},
            </if>
            <if test="sex != null">
                #{sex},
            </if>
            <if test="photo != null">
                #{photo},
            </if>
            <if test="className != null">
                #{className},
            </if>
            <if test="birth != null">
                #{birth},
            </if>
            <if test="nationality != null">
                #{nationality},
            </if>
            <if test="politicalStatus != null">
                #{politicalStatus},
            </if>
            <if test="nativePlace != null">
                #{nativePlace},
            </if>
            <if test="address != null">
                #{address},
            </if>
            <if test="postcard != null">
                #{postcard},
            </if>
            <if test="familyPhone != null">
                #{familyPhone},
            </if>
            <if test="mobilePhone != null">
                #{mobilePhone},
            </if>
        </trim>
    </insert>

    <!--   删除学生 -->
    <delete id="delete" parameterType="java.lang.Integer">
        delete from student where id = #{id}
    </delete>

    <!--   修改学生,update-->
    <update id="update" parameterType="com.sjf.scholarships.domain.Student">
        update student
        <set>
            <if test="username != null">
                username = #{username},
            </if>
            <if test="password != null">
                password = #{password},
            </if>
            <if test="number != null">
                number = #{number},
            </if>
            <if test="name != null">
                name = #{name},
            </if>
            <if test="sex != null">
                sex = #{sex},
            </if>
            <if test="photo != null">
                photo = #{photo},
            </if>
            <if test="className != null">
                class_name = #{className},
            </if>
            <if test="birth != null">
                birth = #{birth},
            </if>
            <if test="nationality != null">
                nationality = #{nationality},
            </if>
            <if test="politicalStatus != null">
                political_status = #{politicalStatus},
            </if>
            <if test="nativePlace != null">
                native_place = #{nativePlace},
            </if>
            <if test="address != null">
                address = #{address},
            </if>
            <if test="postcard != null">
                postcard = #{postcard},
            </if>
            <if test="familyPhone != null">
                family_phone = #{familyPhone},
            </if>
            <if test="mobilePhone != null">
                mobile_phone = #{mobilePhone},
            </if>
        </set>
        where id = #{id}
    </update>

    <!--   查询所有学生，-->
    <select id="selectAllStudent" resultMap="BaseResultMap">
        select
        <include refid="Base_Column_List"></include>
        from student
    </select>

    <!--根据用户名查询用户信息-->
    <select id="selectByUsername" resultMap="BaseResultMap">
        select * from student where username = #{username}
    </select>

    <!--    根据id(逐渐)查询对象-->
    <select id="selectStudentByKey" resultMap="BaseResultMap" parameterType="java.lang.Integer">
        select
        <include refid="Base_Column_List"/>
        from student
        where id = #{id}
    </select>

    <!--根据学生学号精确查询-->
    <select id="selectStudentByNumber" resultMap="BaseResultMap" parameterType="java.lang.String">
        select
        <include refid="Base_Column_List"/>
        from student
        where number = #{number}
    </select>

    <!--   根据学生名字模糊查询-->
    <select id="selectStudentByName" resultMap="BaseResultMap">
        select
        <include refid="Base_Column_List"/>
        from student
        where name like #{name}
    </select>

</mapper>